{
  "type": "minecraft:block",
  "pools": [
    {
      "bonus_rolls": 0.0,
      "conditions": [
        {
          "condition": "minecraft:survives_explosion"
        }
      ],
      "entries": [
        {
          "type": "minecraft:item",
          "name": "minecraft:rabbit_spawn_egg",
          "functions": [
            {
              "function": "minecraft:reference",
              "name": "tooltrims:items/toolsmithing_table"
            }
          ]
        }
      ],
      "rolls": 1.0
    }
  ]
}