{
  "gui_light": "front",
  "parent":"fabricshieldlib:item/fabric_shield_blocking",
  "textures":{
    "shield":"variant_shields:item/crimson_stone_shield",
    "particle":"#shield"
    },
    "display": {
        "firstperson_righthand": {
            "rotation": [ 0, 180, -5 ],
            "translation": [ -6, -13.9, 1.5 ],
            "scale": [ 1.25, 1.25, 1.25 ]
        },
        "firstperson_lefthand": {
            "rotation": [ 0, 180, -5 ],
            "translation": [ -1, -13.5, 1.5 ],
            "scale": [ 1.25, 1.25, 1.25 ]
        }
    }
}